step,elapsed_tokens,elapsed_examples,training_loss,training_sequence_accuracy,training_token_accuracy,validation_loss,validation_sequence_accuracy,validation_token_accuracy
1,897,1,0.053629064341140155,0.0,0.0,0.0826382511037688,0.0,0.0
2,1418,2,0.06978668457794433,0.0,0.0,,,
3,2011,3,0.06129759838557024,0.0,0.0,,,
4,2500,4,0.05836665958933319,0.0,0.0,,,
5,3253,5,0.04165915175462439,0.0,0.0,,,
6,4054,6,0.0381624872765693,0.0,0.0,,,
7,4559,7,0.032902061242188904,1.0,1.0,,,
8,5208,8,0.029438708502031074,1.0,1.0,,,
9,6057,9,0.03093509689189786,1.0,1.0,0.026725560222011956,1.0,1.0
10,6658,10,0.028886012396450556,1.0,1.0,,,
11,7371,11,0.03104761964729408,1.0,1.0,,,
12,7924,12,0.03322733055900916,1.0,1.0,,,
13,8189,13,0.026768421681999416,1.0,1.0,,,
14,8790,14,0.02915793083836463,1.0,1.0,,,
15,9423,15,0.033158737608568224,1.0,1.0,,,
16,9864,16,0.025892570466874713,1.0,1.0,,,
17,10473,17,0.0319605732082576,1.0,1.0,0.02964380817883437,1.0,1.0
18,10818,18,0.07957350029305522,0.0,0.0,,,
19,11435,19,0.027924131158062384,1.0,1.0,,,
20,12020,20,0.03371347678971464,0.0,0.5,,,
21,12613,21,0.03134789507153442,1.0,1.0,,,
22,13110,22,0.029030733353038747,1.0,1.0,,,
23,13791,23,0.02853757833991532,1.0,1.0,,,
24,14192,24,0.03578305264799628,1.0,1.0,,,
25,14929,25,0.02670066791657212,1.0,1.0,0.031812279526327966,1.0,1.0
26,15450,26,0.02940318430089582,1.0,1.0,,,
27,16275,27,0.028260087165268684,1.0,1.0,,,
28,17180,28,0.02906571358763267,1.0,1.0,,,
29,17853,29,0.028366080634528668,1.0,1.0,,,
30,18326,30,0.029436627547990257,1.0,1.0,,,
31,18783,31,0.026601715036036002,1.0,1.0,,,
32,19352,32,0.029368441975231734,1.0,1.0,,,
33,20105,33,0.02963451690393161,1.0,1.0,0.02626799927952546,1.0,1.0
34,21138,34,0.030456652801446982,1.0,1.0,,,
35,21771,35,0.03201930204125352,1.0,1.0,,,
36,22236,36,0.02774907648110594,1.0,1.0,,,
37,22965,37,0.02633989449329135,1.0,1.0,,,
38,23454,38,0.028795825432510313,1.0,1.0,,,
39,24111,39,0.06463726020911759,0.0,0.5,,,
40,24808,40,0.028578325855787835,1.0,1.0,,,
41,25153,41,0.027288230498036914,1.0,1.0,0.03036525202490157,1.0,1.0
42,26090,42,0.026316297369884348,1.0,1.0,,,
43,27003,43,0.028858361369647385,1.0,1.0,,,
44,27756,44,0.028347943242378215,1.0,1.0,,,
45,28245,45,0.04659129618694024,0.0,0.0,,,
46,28574,46,0.044324499619429046,0.0,0.5,,,
47,29039,47,0.027178898406569278,1.0,1.0,,,
48,29432,48,0.0322349413566776,1.0,1.0,,,
49,30105,49,0.03305381206058644,1.0,1.0,0.039491133404539754,0.0,0.5
50,30474,50,0.029703521518106,1.0,1.0,,,
51,31155,51,0.028528582119314434,1.0,1.0,,,
52,32156,52,0.034656568731973536,1.0,1.0,,,
53,32981,53,0.02595592842194324,1.0,1.0,,,
54,33454,54,0.025494703466427966,1.0,1.0,,,
55,33807,55,0.03688599067827309,0.0,0.5,,,
56,34408,56,0.06758925405472989,0.0,0.0,,,
57,35529,57,0.028025972824200964,1.0,1.0,0.031452362734100056,1.0,1.0
58,36234,58,0.033112724460943356,1.0,1.0,,,
59,36523,59,0.02898371040017486,1.0,1.0,,,
60,37044,60,0.04617723664802214,0.0,0.0,,,
61,37381,61,0.031780670316428374,1.0,1.0,,,
62,37982,62,0.030758561022346843,1.0,1.0,,,
63,38655,63,0.02847242175305523,1.0,1.0,,,
64,39408,64,0.027088780910096522,1.0,1.0,,,
65,39641,65,0.030435154854825796,1.0,1.0,0.030072504928201346,1.0,1.0
66,40506,66,0.028469542927456657,1.0,1.0,,,
67,40939,67,0.0272317396107775,1.0,1.0,,,
68,41628,68,0.02980498961010706,1.0,1.0,,,
69,42245,69,0.03150540495555933,1.0,1.0,,,
70,42630,70,0.029722069864109246,1.0,1.0,,,
71,43103,71,0.026938948141765128,1.0,1.0,,,
72,43920,72,0.030795511536493635,1.0,1.0,,,
73,44745,73,0.027611433684368185,1.0,1.0,0.029495216308995414,1.0,1.0
74,45554,74,0.03134734380670341,1.0,1.0,,,
75,46195,75,0.030044289477851635,1.0,1.0,,,
76,46468,76,0.03195349463772265,1.0,1.0,,,
77,47037,77,0.02488871058620083,1.0,1.0,,,
78,47462,78,0.027680782415576824,1.0,1.0,,,
79,48375,79,0.02980896568824455,1.0,1.0,,,
80,49224,80,0.0283919222366964,1.0,1.0,,,
81,49593,81,0.03443414308421463,1.0,1.0,0.029021198718938494,1.0,1.0
82,49826,82,0.02221032388769188,1.0,1.0,,,
83,50115,83,0.02348664229300817,1.0,1.0,,,
84,50628,84,0.04442370341320327,0.0,0.5,,,
85,50957,85,0.03129545755634065,1.0,1.0,,,
86,51998,86,0.023438051071810923,1.0,1.0,,,
87,52359,87,0.030987371736917544,1.0,1.0,,,
88,52864,88,0.02804026566321039,1.0,1.0,,,
89,53529,89,0.03138600792086414,1.0,1.0,0.02513314613084404,1.0,1.0
90,54250,90,0.04455862641682466,0.0,0.0,,,
91,55339,91,0.026837629898516163,1.0,1.0,,,
92,55812,92,0.032246967075235736,1.0,1.0,,,
93,56493,93,0.040989574849816135,0.0,0.0,,,
94,57198,94,0.029793020522826983,0.0,0.5,,,
95,57639,95,0.030532952568899915,1.0,1.0,,,
96,58288,96,0.027589017239540367,1.0,1.0,,,
97,58865,97,0.02979589965390435,1.0,1.0,0.025558238975104255,1.0,1.0
98,59410,98,0.024913603895516934,1.0,1.0,,,
99,60091,99,0.029002676571066227,1.0,1.0,,,
100,60708,100,0.02858417819441102,1.0,1.0,,,
101,61349,101,0.029134002878050982,1.0,1.0,,,
102,62326,102,0.027010357494991658,1.0,1.0,,,
103,62559,103,0.0520072853839758,0.0,0.5,,,
104,62840,104,0.0257921742452953,1.0,1.0,,,
105,63593,105,0.026551578022344598,1.0,1.0,0.025717291050402727,1.0,1.0
106,64274,106,0.029838797220551626,1.0,1.0,,,
107,65115,107,0.026928404917356343,1.0,1.0,,,
108,65668,108,0.02645227386287909,1.0,1.0,,,
109,66213,109,0.029480812085225537,1.0,1.0,,,
110,66686,110,0.027376608052775628,1.0,1.0,,,
111,67567,111,0.02984640357391833,1.0,1.0,,,
112,68320,112,0.029529374691421178,1.0,1.0,,,
113,68905,113,0.025230439311594823,1.0,1.0,0.026879410410074762,1.0,1.0
114,69714,114,0.029308268417295797,1.0,1.0,,,
115,70115,115,0.03029561558848946,1.0,1.0,,,
116,70724,116,0.026859081107405997,1.0,1.0,,,
117,71541,117,0.02541456228147572,1.0,1.0,,,
118,71758,118,0.03206378926052518,1.0,1.0,,,
119,72495,119,0.02852865170429763,1.0,1.0,,,
120,73080,120,0.027365818319738357,1.0,1.0,,,
121,73449,121,0.029481841971456837,1.0,1.0,0.027959975682074818,1.0,1.0
122,74050,122,0.03154872813220621,1.0,1.0,,,
123,74555,123,0.04149643589249159,0.0,0.5,,,
124,75308,124,0.02654942790726075,1.0,1.0,,,
125,75773,125,0.03027192325969046,1.0,1.0,,,
126,76198,126,0.025760913462410467,1.0,1.0,,,
127,76703,127,0.03397248417078363,0.0,0.5,,,
128,77712,128,0.028730851403964742,1.0,1.0,,,
129,78809,129,0.027008312674325498,1.0,1.0,0.03012391150621498,1.0,1.0
130,79130,130,0.0290561460712938,1.0,1.0,,,
131,80371,131,0.022962124317636005,1.0,1.0,,,
132,81756,132,0.02897984071118628,0.0,0.5,,,
133,82517,133,0.029786427497662336,1.0,1.0,,,
134,82966,134,0.04237340616985226,0.0,0.0,,,
135,83711,135,0.026360225573580177,1.0,1.0,,,
136,84312,136,0.02758858720528188,1.0,1.0,,,
137,85049,137,0.03333309208513642,1.0,1.0,0.029009800829069107,1.0,1.0
138,85826,138,0.02897150563767467,1.0,1.0,,,
139,86523,139,0.026805751812608775,1.0,1.0,,,
140,87212,140,0.02616273569807705,1.0,1.0,,,
141,87813,141,0.03018156159081846,1.0,1.0,,,
142,88518,142,0.029100163351387726,1.0,1.0,,,
143,89311,143,0.022740217316084773,1.0,1.0,,,
144,89640,144,0.026184431958812992,1.0,1.0,,,
145,90209,145,0.029251313312444432,1.0,1.0,0.025349403292029088,1.0,1.0
146,90818,146,0.02870680593530874,1.0,1.0,,,
147,91411,147,0.024231774202982642,1.0,1.0,,,
148,91836,148,0.029600776356720707,1.0,1.0,,,
149,92221,149,0.027630183483987214,1.0,1.0,,,
150,92854,150,0.024683870726145276,1.0,1.0,,,
151,93359,151,0.04952442108359444,0.0,0.5,,,
152,93744,152,0.0509907669845946,0.0,0.5,,,
153,94081,153,0.024076168400528158,1.0,1.0,0.030034098923517084,1.0,1.0
154,94650,154,0.027453501382280057,1.0,1.0,,,
155,95227,155,0.02810914888232421,1.0,1.0,,,
156,95636,156,0.03063296006444052,1.0,1.0,,,
157,96437,157,0.029396243316036998,1.0,1.0,,,
158,97414,158,0.028460851799737598,1.0,1.0,,,
159,98215,159,0.02828246022160538,1.0,1.0,,,
160,99112,160,0.027125997559889713,1.0,1.0,,,
161,99857,161,0.024324345857896373,1.0,1.0,0.02569963938533457,1.0,1.0
162,100290,162,0.038364248566878006,0.0,0.5,,,
163,100875,163,0.025044047524615354,1.0,1.0,,,
164,102028,164,0.026742310913143937,1.0,1.0,,,
165,102645,165,0.031205514666087224,0.0,0.5,,,
166,103430,166,0.029221630183254053,1.0,1.0,,,
167,104247,167,0.02630866326544403,1.0,1.0,,,
168,105184,168,0.024999993303557216,1.0,1.0,,,
169,106377,169,0.0315028446412276,1.0,1.0,0.031130690925352034,1.0,1.0
170,106746,170,0.03226768459128874,1.0,1.0,,,
171,107347,171,0.0310448189552854,1.0,1.0,,,
172,108364,172,0.030928383855563138,1.0,1.0,,,
173,108733,173,0.02599346155570738,1.0,1.0,,,
174,109542,174,0.02997038128095077,1.0,1.0,,,
175,110071,175,0.027313173128080084,1.0,1.0,,,
176,110664,176,0.03319122107347318,1.0,1.0,,,
177,111297,177,0.030692868644266676,0.0,0.5,0.031456506743805485,1.0,1.0
178,111730,178,0.024739854172902663,1.0,1.0,,,
179,112243,179,0.02786770705337517,1.0,1.0,,,
180,112628,180,0.03065961231820135,1.0,1.0,,,
181,113453,181,0.02635048451747418,1.0,1.0,,,
182,114182,182,0.027648987577478377,1.0,1.0,,,
183,114591,183,0.030124892865454004,1.0,1.0,,,
184,115160,184,0.028404586948781285,1.0,1.0,,,
185,116545,185,0.03174193020656412,1.0,1.0,0.029477298382655934,1.0,1.0
186,116794,186,0.027364676275916107,1.0,1.0,,,
187,117323,187,0.02698318508704316,1.0,1.0,,,
188,118308,188,0.025307368680843385,1.0,1.0,,,
189,118893,189,0.025707712561421955,1.0,1.0,,,
190,119566,190,0.028334106051880078,1.0,1.0,,,
191,120503,191,0.026067752278706814,1.0,1.0,,,
192,121272,192,0.026176135348117125,1.0,1.0,,,
193,122017,193,0.026795738837694195,1.0,1.0,0.0241497943886,1.0,1.0
194,122794,194,0.02714160976058108,1.0,1.0,,,
195,123747,195,0.027307572393161283,1.0,1.0,,,
196,124452,196,0.029627428439122347,1.0,1.0,,,
197,125197,197,0.048306750470688935,0.0,0.0,,,
198,125766,198,0.0309172015540671,1.0,1.0,,,
199,126383,199,0.028025936305707377,1.0,1.0,,,
200,126912,200,0.027493691964581644,1.0,1.0,,,
201,127241,201,0.02724048518210954,1.0,1.0,0.03620365977005321,0.0,0.5
202,127850,202,0.029076763622845565,1.0,1.0,,,
203,128555,203,0.02440883059780762,1.0,1.0,,,
204,129180,204,0.03227142717859981,1.0,1.0,,,
205,129613,205,0.027312580284982672,1.0,1.0,,,
206,130038,206,0.028797882313579323,1.0,1.0,,,
207,130423,207,0.02661389509573079,1.0,1.0,,,
208,131056,208,0.02547297241959682,1.0,1.0,,,
209,132049,209,0.0277637184846237,1.0,1.0,0.023742273654429092,1.0,1.0
210,132282,210,0.029611911893107707,1.0,1.0,,,
211,133043,211,0.033611501969845546,1.0,1.0,,,
212,133404,212,0.029734362103572092,1.0,1.0,,,
213,134141,213,0.02843614267886353,1.0,1.0,,,
214,134838,214,0.02551605293079711,1.0,1.0,,,
215,135279,215,0.025828671988143388,1.0,1.0,,,
216,136112,216,0.027358793900334955,1.0,1.0,,,
217,136705,217,0.02497056012006176,1.0,1.0,0.033915682664614,1.0,1.0
218,137666,218,0.02937665980218996,1.0,1.0,,,
219,138155,219,0.04831280785271009,0.0,0.5,,,
220,138980,220,0.03395033478964445,1.0,1.0,,,
221,139405,221,0.02590221132318718,1.0,1.0,,,
222,140078,222,0.027726360069638235,1.0,1.0,,,
223,140895,223,0.030332026292377957,1.0,1.0,,,
224,141384,224,0.03994063282899318,0.0,0.5,,,
225,142385,225,0.03318396988559631,1.0,1.0,0.0267148152990737,1.0,1.0
226,143066,226,0.028450141808256484,1.0,1.0,,,
227,143635,227,0.02409204637197061,1.0,1.0,,,
228,144532,228,0.025551033431945924,1.0,1.0,,,
229,145493,229,0.028799584323660383,1.0,1.0,,,
230,145830,230,0.02632415484633557,1.0,1.0,,,
231,146767,231,0.025458897868528764,1.0,1.0,,,
232,147560,232,0.022050441821030612,1.0,1.0,,,
233,148049,233,0.027057895834127602,1.0,1.0,0.02358462413570821,1.0,1.0
234,148618,234,0.02961870919682375,1.0,1.0,,,
235,149347,235,0.02674384154283861,1.0,1.0,,,
236,150084,236,0.027599951696366073,1.0,1.0,,,
237,150485,237,0.03153316931127483,1.0,1.0,,,
238,151326,238,0.025547359503063836,1.0,1.0,,,
239,151791,239,0.022017278234895365,1.0,1.0,,,
240,152592,240,0.0266162379454875,1.0,1.0,,,
241,152961,241,0.032533212616358664,1.0,1.0,0.027862117337125396,1.0,1.0
242,153482,242,0.026698159329871067,1.0,1.0,,,
243,153915,243,0.02554504991937847,1.0,1.0,,,
244,154620,244,0.022909431128035857,1.0,1.0,,,
245,155389,245,0.025018409432505054,1.0,1.0,,,
246,156094,246,0.03101781280889626,1.0,1.0,,,
247,156703,247,0.029888804215221932,1.0,1.0,,,
248,157216,248,0.026281625903233137,1.0,1.0,,,
249,157929,249,0.027167338221254625,1.0,1.0,0.026145934418758166,1.0,1.0
250,158498,250,0.028214064128217323,1.0,1.0,,,
251,158907,251,0.028840570499138695,1.0,1.0,,,
252,159516,252,0.027523465068713678,1.0,1.0,,,
253,160253,253,0.023422280115571684,1.0,1.0,,,
254,160846,254,0.02622960968205769,1.0,1.0,,,
255,161447,255,0.028873532783152772,1.0,1.0,,,
256,161832,256,0.04853733726409549,0.0,0.5,,,
257,162305,257,0.023387361209850542,1.0,1.0,0.023306617079662827,1.0,1.0
258,162666,258,0.027329134791092658,1.0,1.0,,,
259,163259,259,0.028374717085127395,1.0,1.0,,,
260,164500,260,0.0221467257192913,1.0,1.0,,,
261,165245,261,0.03759271505729445,0.0,0.0,,,
262,165982,262,0.03176613910709895,1.0,1.0,,,
263,166599,263,0.030144539652851982,1.0,1.0,,,
264,166832,264,0.020567610269956342,1.0,1.0,,,
265,167785,265,0.026774760816560075,1.0,1.0,0.03295240066362991,1.0,1.0
266,168538,266,0.02954148774390868,1.0,1.0,,,
267,168771,267,0.027737168662121083,1.0,1.0,,,
268,169516,268,0.023304283398986738,1.0,1.0,,,
269,170325,269,0.03028407712766698,1.0,1.0,,,
270,171078,270,0.028530397435246643,1.0,1.0,,,
271,171759,271,0.027520317929551202,1.0,1.0,,,
272,171992,272,0.027149845185932494,1.0,1.0,,,
273,172361,273,0.028937042625687394,1.0,1.0,0.028415145951680758,1.0,1.0
274,172634,274,0.029866110282200677,1.0,1.0,,,
275,172867,275,0.044739098073861956,0.0,0.5,,,
276,173748,276,0.02905782556534206,1.0,1.0,,,
277,174573,277,0.025887921727036384,1.0,1.0,,,
278,174918,278,0.02524825556843584,1.0,1.0,,,
279,176111,279,0.030689010529225885,1.0,1.0,,,
280,177096,280,0.02471798983927366,1.0,1.0,,,
281,177457,281,0.029581340402041356,1.0,1.0,0.025905533896789904,1.0,1.0
282,178058,282,0.02982363420681504,1.0,1.0,,,
283,178427,283,0.02817120540842512,1.0,1.0,,,
284,178716,284,0.025246867419567328,1.0,1.0,,,
285,179301,285,0.024149510999843984,1.0,1.0,,,
286,180398,286,0.026237576794809793,1.0,1.0,,,
287,180791,287,0.02723129371601651,1.0,1.0,,,
288,181232,288,0.022493019706500823,1.0,1.0,,,
289,181849,289,0.02744349415210687,1.0,1.0,0.02509543679306157,1.0,1.0
290,182498,290,0.02672025974364585,1.0,1.0,,,
291,183363,291,0.02652153679459498,1.0,1.0,,,
292,183868,292,0.03356259883009775,0.0,0.5,,,
293,184909,293,0.022533236043301676,1.0,1.0,,,
294,185278,294,0.024031116652228738,1.0,1.0,,,
295,186039,295,0.032377501833508036,1.0,1.0,,,
296,186792,296,0.025655051188709074,1.0,1.0,,,
297,187729,297,0.024976699308339192,1.0,1.0,0.023644313081348216,1.0,1.0
298,188530,298,0.02860181340573945,1.0,1.0,,,
299,189227,299,0.02724195711584004,1.0,1.0,,,
300,189796,300,0.02731463203784636,1.0,1.0,,,
301,190205,301,0.0286658846081606,1.0,1.0,,,
302,190846,302,0.02843373578814863,1.0,1.0,,,
303,191823,303,0.027406659049315826,1.0,1.0,,,
304,192456,304,0.024097297663549136,1.0,1.0,,,
305,193361,305,0.026955328483848087,1.0,1.0,0.02681221796762111,1.0,1.0
306,193914,306,0.029997085522643276,1.0,1.0,,,
307,194515,307,0.026120049426413126,1.0,1.0,,,
308,195204,308,0.02467683865799959,1.0,1.0,,,
309,195845,309,0.028769106648200704,1.0,1.0,,,
310,196454,310,0.025662130461724747,1.0,1.0,,,
311,196879,311,0.024080079354146976,1.0,1.0,,,
312,198264,312,0.031054437086075297,1.0,1.0,,,
313,198753,313,0.02710742295541482,1.0,1.0,0.026250630379795484,1.0,1.0
314,199362,314,0.027416434251460824,1.0,1.0,,,
315,200395,315,0.028376364097712777,1.0,1.0,,,
316,200868,316,0.025397772726893152,1.0,1.0,,,
317,201501,317,0.029869560391555666,1.0,1.0,,,
318,202006,318,0.029386815764583945,1.0,1.0,,,
319,202511,319,0.04081154045227156,0.0,0.5,,,
320,203184,320,0.03065591217171827,1.0,1.0,,,
321,203881,321,0.025541390891992644,1.0,1.0,0.029414674123661944,1.0,1.0
322,204466,322,0.02353023169615809,1.0,1.0,,,
323,205587,323,0.026378057324651778,1.0,1.0,,,
324,206116,324,0.025625465891311195,1.0,1.0,,,
325,206453,325,0.022438515187216557,1.0,1.0,,,
326,207278,326,0.026635672913400882,1.0,1.0,,,
327,207703,327,0.027022261628364918,1.0,1.0,,,
328,208176,328,0.03007970786567504,1.0,1.0,,,
329,208985,329,0.027974644714197982,1.0,1.0,0.02898788469584157,1.0,1.0
330,209450,330,0.025835232122861207,1.0,1.0,,,
331,209891,331,0.027052766962304964,1.0,1.0,,,
332,210572,332,0.025318055660012766,1.0,1.0,,,
333,211373,333,0.02827932968364758,1.0,1.0,,,
334,212390,334,0.029694974286917634,1.0,1.0,,,
335,213111,335,0.03318531780129878,0.0,0.0,,,
336,213560,336,0.03323477004876459,0.0,0.0,,,
337,214065,337,0.03285072343907987,0.0,0.5,0.028363899037102742,1.0,1.0
338,214394,338,0.035065759651530776,0.0,0.5,,,
339,215547,339,0.02595107805831806,1.0,1.0,,,
340,215980,340,0.03066959625145062,1.0,1.0,,,
341,216645,341,0.030429260856307812,1.0,1.0,,,
342,217238,342,0.025402717332910617,1.0,1.0,,,
343,217839,343,0.03165616415418142,0.0,0.5,,,
344,218088,344,0.028784610076992186,1.0,1.0,,,
345,218721,345,0.031845336633975846,1.0,1.0,0.028277568007510752,0.0,0.5
346,219426,346,0.033205585594689016,0.0,0.5,,,
347,219859,347,0.028291594593581104,0.0,0.5,,,
348,220852,348,0.028311188034192213,0.0,0.5,,,
349,221133,349,0.025991757168625812,1.0,1.0,,,
350,221502,350,0.027569073034569357,1.0,1.0,,,
351,221903,351,0.029180264164079563,1.0,1.0,,,
352,222392,352,0.037281587250194446,0.0,0.5,,,
353,222817,353,0.02885775865086372,1.0,1.0,0.02899342297305213,1.0,1.0
354,223554,354,0.02755670195008208,1.0,1.0,,,
355,224259,355,0.027760981293092964,1.0,1.0,,,
356,225036,356,0.027929407277041875,1.0,1.0,,,
357,225589,357,0.02486987101820241,1.0,1.0,,,
358,226270,358,0.03149416967228129,0.0,0.0,,,
359,227015,359,0.02525276313109639,1.0,1.0,,,
360,227792,360,0.026593574905987082,1.0,1.0,,,
361,228321,361,0.02877776184439757,0.0,0.5,0.02982990033813651,1.0,1.0
362,228898,362,0.02838649788625237,1.0,1.0,,,
363,229723,363,0.02432561664465273,1.0,1.0,,,
364,230052,364,0.02463530406152309,1.0,1.0,,,
365,230317,365,0.02115623900782146,1.0,1.0,,,
366,231166,366,0.02775616675072917,1.0,1.0,,,
367,231783,367,0.034571690415164086,0.0,0.5,,,
368,232536,368,0.027036494562018287,1.0,1.0,,,
369,232921,369,0.024982399500986498,1.0,1.0,0.030433569034597527,0.0,0.5
370,233442,370,0.0314239438996902,0.0,0.5,,,
371,234043,371,0.030312261482896192,1.0,1.0,,,
372,234372,372,0.025532963550266265,1.0,1.0,,,
373,235117,373,0.025595435466710323,1.0,1.0,,,
374,235558,374,0.024788875972894937,1.0,1.0,,,
375,235847,375,0.0217254248143441,1.0,1.0,,,
376,236432,376,0.02489512646987973,1.0,1.0,,,
377,237009,377,0.027402537126935283,1.0,1.0,0.03402826916850202,0.0,0.5
378,237554,378,0.02824083584967732,1.0,1.0,,,
379,238011,379,0.024194811018109916,1.0,1.0,,,
380,239020,380,0.028039545160506916,1.0,1.0,,,
381,239621,381,0.02612485592715869,1.0,1.0,,,
382,239942,382,0.02504133091417839,1.0,1.0,,,
383,240727,383,0.027770740480949713,1.0,1.0,,,
384,241320,384,0.02327681431846446,1.0,1.0,,,
385,242017,385,0.02461054072616291,1.0,1.0,0.02396103822364006,1.0,1.0
386,242690,386,0.025454929749553424,1.0,1.0,,,
387,243043,387,0.03817840905222877,0.0,0.5,,,
388,243676,388,0.029736598619640054,0.0,0.5,,,
389,244261,389,0.028573207350633834,0.0,0.5,,,
390,244774,390,0.03518905941714764,0.0,0.5,,,
391,245527,391,0.025033046583159104,1.0,1.0,,,
392,246152,392,0.031240110573838208,1.0,1.0,,,
393,246969,393,0.025592490315699726,1.0,1.0,0.023399113400384235,1.0,1.0
394,247626,394,0.04441191525994901,0.0,0.0,,,
395,248475,395,0.028384818182376995,1.0,1.0,,,
396,248972,396,0.026743113775194238,1.0,1.0,,,
397,249677,397,0.029641585516968584,1.0,1.0,,,
398,250142,398,0.029368362361961647,1.0,1.0,,,
399,250759,399,0.02745477722536044,1.0,1.0,,,
400,251512,400,0.026115711111978017,1.0,1.0,,,
401,252449,401,0.02371375325989321,1.0,1.0,0.02722960098370727,1.0,1.0
402,253082,402,0.024918952325593473,1.0,1.0,,,
403,253467,403,0.026554534845971978,1.0,1.0,,,
404,254292,404,0.025908616844297867,1.0,1.0,,,
405,254973,405,0.0281220029702167,1.0,1.0,,,
406,255406,406,0.02357259335889963,1.0,1.0,,,
407,256319,407,0.02902794598990958,1.0,1.0,,,
408,256704,408,0.028964345460893052,1.0,1.0,,,
409,257273,409,0.027389147638301876,1.0,1.0,0.0228297429369019,1.0,1.0
410,257946,410,0.026417860155769243,1.0,1.0,,,
411,258331,411,0.02710645115710103,1.0,1.0,,,
412,258804,412,0.025522744054930737,1.0,1.0,,,
413,259717,413,0.027686560342742285,1.0,1.0,,,
414,260318,414,0.026175981528858444,1.0,1.0,,,
415,260535,415,0.0297707763077536,1.0,1.0,,,
416,261352,416,0.02483187690094505,1.0,1.0,,,
417,261873,417,0.024183725408958988,1.0,1.0,0.03104876720196921,1.0,1.0
418,262218,418,0.041982302295618015,0.0,0.5,,,
419,262691,419,0.02627619911418336,1.0,1.0,,,
420,263380,420,0.02833163336557697,1.0,1.0,,,
421,263973,421,0.03148730386140194,1.0,1.0,,,
422,264478,422,0.026368746216580297,1.0,1.0,,,
423,265311,423,0.026497872722443742,1.0,1.0,,,
424,265896,424,0.026125894671762306,1.0,1.0,,,
425,266625,425,0.02413812915288832,1.0,1.0,0.030537914166093163,1.0,1.0
426,267386,426,0.028280529456959858,1.0,1.0,,,
427,267955,427,0.02601942030745448,1.0,1.0,,,
428,268780,428,0.03305390952463656,1.0,1.0,,,
429,269429,429,0.025509003004173542,1.0,1.0,,,
430,269758,430,0.029128883060800106,1.0,1.0,,,
431,270655,431,0.025093413158825673,1.0,1.0,,,
432,271408,432,0.02753284060318231,1.0,1.0,,,
433,272009,433,0.034636173155738234,0.0,0.5,0.0241978561726797,1.0,1.0
434,273098,434,0.02589594258312285,1.0,1.0,,,
435,273643,435,0.02332165965191079,1.0,1.0,,,
436,274172,436,0.026243367202278715,1.0,1.0,,,
437,274981,437,0.02876245700797449,1.0,1.0,,,
438,275598,438,0.026232097285697448,1.0,1.0,,,
439,276575,439,0.02592947595853715,1.0,1.0,,,
440,277960,440,0.029368430921039298,0.0,0.5,,,
441,278769,441,0.02833968544941647,1.0,1.0,0.026936515054542767,1.0,1.0
442,279058,442,0.02307580220036218,1.0,1.0,,,
443,280035,443,0.02636231874958673,1.0,1.0,,,
444,280772,444,0.030872512602153342,1.0,1.0,,,
445,281765,445,0.02650978265634788,1.0,1.0,,,
446,282662,446,0.024255022403805487,1.0,1.0,,,
447,283295,447,0.028683543062564047,1.0,1.0,,,
448,284016,448,0.029628133215238214,0.0,0.0,,,
449,284593,449,0.02773140055278923,1.0,1.0,0.029237982243856098,1.0,1.0
450,285026,450,0.02224604432866036,1.0,1.0,,,
451,285795,451,0.024366331123333463,1.0,1.0,,,
452,286308,452,0.03154628235913123,0.0,0.5,,,
453,287061,453,0.024554069222679217,1.0,1.0,,,
454,287846,454,0.026905195260149745,1.0,1.0,,,
455,288415,455,0.02723426061074195,1.0,1.0,,,
456,289376,456,0.028148692262102485,1.0,1.0,,,
457,290193,457,0.024222429191315654,1.0,1.0,0.02515917421765774,1.0,1.0
458,290770,458,0.026505843186834882,1.0,1.0,,,
459,291259,459,0.03172204740168172,0.0,0.5,,,
460,291956,460,0.024634190679344074,1.0,1.0,,,
461,292325,461,0.030772730935950676,1.0,1.0,,,
462,292798,462,0.02221707208868515,1.0,1.0,,,
463,293623,463,0.023829775977046663,1.0,1.0,,,
464,294640,464,0.02904680890987804,1.0,1.0,,,
465,295385,465,0.021914621811634956,1.0,1.0,0.025211828484025967,1.0,1.0
466,295938,466,0.02418542824534044,1.0,1.0,,,
467,296523,467,0.024738478958131787,1.0,1.0,,,
468,296796,468,0.02790952155895224,1.0,1.0,,,
469,297181,469,0.02424120842441577,1.0,1.0,,,
470,297782,470,0.02711280288978014,1.0,1.0,,,
471,298455,471,0.025092247143027314,1.0,1.0,,,
472,298784,472,0.024397532399726054,1.0,1.0,,,
473,299169,473,0.027149825337666775,1.0,1.0,0.02963162802699159,1.0,1.0
474,299610,474,0.02070138735997749,1.0,1.0,,,
475,300731,475,0.025787053146230587,1.0,1.0,,,
476,301340,476,0.024262871975048544,1.0,1.0,,,
477,301725,477,0.025291039866775694,1.0,1.0,,,
478,303110,478,0.03052212416973727,1.0,1.0,,,
479,303615,479,0.02492284246967294,1.0,1.0,,,
480,304296,480,0.026030404867748182,1.0,1.0,,,
481,305049,481,0.02838401951855671,1.0,1.0,0.03384842859729542,1.0,1.0
482,305450,482,0.029026260079383796,1.0,1.0,,,
483,306211,483,0.03118296067822743,1.0,1.0,,,
484,306924,484,0.025920983907515297,1.0,1.0,,,
485,307349,485,0.022172075311954025,1.0,1.0,,,
486,308382,486,0.027533037431085528,1.0,1.0,,,
487,308791,487,0.02621785880503511,1.0,1.0,,,
488,309248,488,0.022694888004892468,1.0,1.0,,,
489,309753,489,0.035296674996560404,0.0,0.5,0.024773323513827092,1.0,1.0
490,310554,490,0.025481165836436115,1.0,1.0,,,
491,311019,491,0.02039491040452739,1.0,1.0,,,
492,311836,492,0.029065959591781335,1.0,1.0,,,
493,312357,493,0.022920668186844875,1.0,1.0,,,
494,312966,494,0.026337244167477986,1.0,1.0,,,
495,313335,495,0.025787577063105267,1.0,1.0,,,
496,313688,496,0.03462525639283172,0.0,0.5,,,
497,314305,497,0.026253093343573758,1.0,1.0,0.034987365097037496,0.0,0.5
498,314586,498,0.02173107646174737,1.0,1.0,,,
499,314971,499,0.03801423721834302,0.0,0.5,,,
500,315620,500,0.025431558064099944,1.0,1.0,,,
501,316005,501,0.023704333226284388,1.0,1.0,,,
502,316638,502,0.02348546832068862,1.0,1.0,,,
503,317343,503,0.02947556555315115,1.0,1.0,,,
504,317952,504,0.02578533101382881,1.0,1.0,,,
505,318385,505,0.030000811093158077,0.0,0.5,0.031552551921044274,1.0,1.0
506,318954,506,0.0231780747372142,1.0,1.0,,,
507,319803,507,0.027613386816035725,1.0,1.0,,,
508,320036,508,0.024914737850089422,1.0,1.0,,,
509,320509,509,0.02875557373281543,1.0,1.0,,,
510,321054,510,0.02251111019481203,1.0,1.0,,,
511,321759,511,0.03155878123495727,0.0,0.5,,,
512,322120,512,0.027836559749470326,1.0,1.0,,,
513,322721,513,0.027961881195163976,1.0,1.0,0.02852237938372169,1.0,1.0
514,323586,514,0.025591444642689934,1.0,1.0,,,
515,324139,515,0.02881359038374364,1.0,1.0,,,
516,325292,516,0.025366046744559046,1.0,1.0,,,
517,326045,517,0.026526192024966998,1.0,1.0,,,
518,326678,518,0.030104032477934143,1.0,1.0,,,
519,327455,519,0.027349920787481323,1.0,1.0,,,
520,328088,520,0.026562743232804005,0.0,0.5,,,
521,328321,521,0.02437764245590972,1.0,1.0,0.03090749735071737,1.0,1.0
522,329002,522,0.02714618907441999,1.0,1.0,,,
523,329699,523,0.02612407277399572,1.0,1.0,,,
524,330508,524,0.02899763538016325,1.0,1.0,,,
525,331445,525,0.02294650638035254,1.0,1.0,,,
526,332262,526,0.024739863763644263,1.0,1.0,,,
527,332935,527,0.025599485308529478,1.0,1.0,,,
528,333520,528,0.022824672822246247,1.0,1.0,,,
529,334345,529,0.03231650972351646,1.0,1.0,0.028917378828530217,1.0,1.0
530,334770,530,0.02431760110071545,1.0,1.0,,,
531,335779,531,0.027353140360663393,1.0,1.0,,,
532,336380,532,0.029532681889097634,1.0,1.0,,,
533,337157,533,0.02590626674639544,1.0,1.0,,,
534,337590,534,0.023925022124893718,1.0,1.0,,,
535,338095,535,0.027587793933020698,1.0,1.0,,,
536,338688,536,0.025321222655905674,1.0,1.0,,,
537,339217,537,0.02486351540202977,1.0,1.0,0.023274588177325122,1.0,1.0
538,339906,538,0.023741828657947498,1.0,1.0,,,
539,341291,539,0.029076029902467975,0.0,0.5,,,
540,342388,540,0.025419565074884916,1.0,1.0,,,
541,343213,541,0.024769800013121672,1.0,1.0,,,
542,343950,542,0.026749659345593063,1.0,1.0,,,
543,344471,543,0.025171849467564945,1.0,1.0,,,
544,345224,544,0.024689926215182335,1.0,1.0,,,
545,345881,545,0.028353578273337635,0.0,0.5,0.023891743770333162,1.0,1.0
546,346674,546,0.021277995999001403,1.0,1.0,,,
547,347499,547,0.025030124261834843,1.0,1.0,,,
548,348452,548,0.02591749348362742,1.0,1.0,,,
549,349205,549,0.023730619443963433,1.0,1.0,,,
550,349798,550,0.030195334643417976,1.0,1.0,,,
551,350447,551,0.024414271930279847,1.0,1.0,,,
552,351120,552,0.029109417299770853,1.0,1.0,,,
553,351689,553,0.02554824056461321,1.0,1.0,0.027109013351289096,0.0,0.5
554,352434,554,0.029984516647036694,0.0,0.0,,,
555,352963,555,0.02505489534524934,1.0,1.0,,,
556,353636,556,0.02601320172048439,1.0,1.0,,,
557,354269,557,0.033498781863170055,0.0,0.0,,,
558,355078,558,0.0268020814102126,1.0,1.0,,,
559,355679,559,0.024727517620071013,1.0,1.0,,,
560,356016,560,0.02412002415358107,1.0,1.0,,,
561,356521,561,0.03098112114888661,0.0,0.5,0.02774307437030273,1.0,1.0
562,356850,562,0.03189892880720436,0.0,0.5,,,
563,357195,563,0.022980098323021295,1.0,1.0,,,
564,357556,564,0.02588528708055836,1.0,1.0,,,
565,358437,565,0.027981989859414004,1.0,1.0,,,
566,359030,566,0.026782129919778824,1.0,1.0,,,
567,359495,567,0.027293429280643038,1.0,1.0,,,
568,360256,568,0.02730054173753045,1.0,1.0,,,
569,360921,569,0.029192466295331895,1.0,1.0,0.023805387089141226,1.0,1.0
570,362162,570,0.021575133960918865,1.0,1.0,,,
571,362859,571,0.023579618445695786,1.0,1.0,,,
572,363548,572,0.02737270816692809,1.0,1.0,,,
573,364037,573,0.02543129132129968,1.0,1.0,,,
574,364582,574,0.026602607267522057,1.0,1.0,,,
575,365111,575,0.02406623516905132,1.0,1.0,,,
576,365448,576,0.020600486744906013,1.0,1.0,,,
577,366033,577,0.022239647693196394,1.0,1.0,0.02433264957282173,1.0,1.0
578,366626,578,0.022338473228610323,1.0,1.0,,,
579,367363,579,0.022654878400105397,1.0,1.0,,,
580,367980,580,0.025031984102566497,1.0,1.0,,,
581,368661,581,0.02677765444741817,1.0,1.0,,,
582,369254,582,0.023139557653699443,1.0,1.0,,,
583,369743,583,0.032361246545800984,0.0,0.5,,,
584,370072,584,0.02341523759648869,1.0,1.0,,,
585,370481,585,0.02682940479867801,1.0,1.0,0.028876299952333404,1.0,1.0
586,370922,586,0.02535579191106345,1.0,1.0,,,
587,371835,587,0.026932722854405105,1.0,1.0,,,
588,372676,588,0.02448184796928538,1.0,1.0,,,
589,373381,589,0.02669034361692639,1.0,1.0,,,
590,374062,590,0.02443920925473332,1.0,1.0,,,
591,374383,591,0.023531020736085654,1.0,1.0,,,
592,374632,592,0.022857025882323006,1.0,1.0,,,
593,375609,593,0.02533506178460618,1.0,1.0,0.030493781340110465,1.0,1.0
594,376698,594,0.02510769798148912,1.0,1.0,,,
595,377443,595,0.024566364374057573,1.0,1.0,,,
596,378276,596,0.025693145607055722,1.0,1.0,,,
597,378645,597,0.022415781857194103,1.0,1.0,,,
598,379262,598,0.02806522384919848,0.0,0.5,,,
599,379967,599,0.02166901559207384,1.0,1.0,,,
600,380672,600,0.027646374618496505,1.0,1.0,,,
601,381569,601,0.024541494821232517,1.0,1.0,0.023401432014388168,1.0,1.0
602,381898,602,0.026889353588284863,1.0,1.0,,,
603,382403,603,0.028484268251548723,0.0,0.5,,,
604,383204,604,0.026733324910156533,1.0,1.0,,,
605,383629,605,0.02718727974442409,1.0,1.0,,,
606,384230,606,0.024865655834361195,1.0,1.0,,,
607,384463,607,0.01780372186610795,1.0,1.0,,,
608,385656,608,0.029754153155686774,1.0,1.0,,,
609,386145,609,0.025579822609783393,1.0,1.0,0.028087708730299105,1.0,1.0
610,386730,610,0.02482511232306958,1.0,1.0,,,
611,387203,611,0.024425008428595487,1.0,1.0,,,
612,387596,612,0.02509066815148001,1.0,1.0,,,
613,387965,613,0.02515392698778669,1.0,1.0,,,
614,388646,614,0.02904757155814257,0.0,0.0,,,
615,389391,615,0.02424484939577924,1.0,1.0,,,
616,390216,616,0.025491211258125347,1.0,1.0,,,
617,391153,617,0.02397394796377995,1.0,1.0,0.029477558912575124,1.0,1.0
618,391594,618,0.023548386093236,1.0,1.0,,,
619,392163,619,0.026281852543387958,1.0,1.0,,,
620,392764,620,0.028477237579522145,1.0,1.0,,,
621,393565,621,0.027393667478696992,1.0,1.0,,,
622,394150,622,0.026209320719751135,0.0,0.5,,,
623,395135,623,0.02373159566051198,1.0,1.0,,,
624,395648,624,0.02502842854994924,1.0,1.0,,,
625,396497,625,0.026890436409781435,1.0,1.0,0.025009413573707,1.0,1.0
626,397098,626,0.025022779175258456,1.0,1.0,,,
627,397715,627,0.028393812150542864,1.0,1.0,,,
628,398652,628,0.024821663853330643,1.0,1.0,,,
629,399077,629,0.025130931173389742,1.0,1.0,,,
630,399806,630,0.023027101265344338,1.0,1.0,,,
631,400807,631,0.032174773458949646,1.0,1.0,,,
632,401152,632,0.028777286406081213,0.0,0.5,,,
633,401793,633,0.027218925306330678,1.0,1.0,0.027389944934271628,1.0,1.0
634,402530,634,0.026667132563067266,1.0,1.0,,,
635,403027,635,0.02475694751386571,1.0,1.0,,,
636,403668,636,0.0276766703726139,1.0,1.0,,,
637,404709,637,0.021940057391578036,1.0,1.0,,,
638,405438,638,0.02557716180359022,1.0,1.0,,,
639,406351,639,0.02822665075758299,1.0,1.0,,,
640,406816,640,0.02480417056774741,1.0,1.0,,,
641,407433,641,0.025543707604937328,1.0,1.0,0.028561125945643653,1.0,1.0
642,408186,642,0.027604941005961624,1.0,1.0,,,
643,408755,643,0.028209801260820545,1.0,1.0,,,
644,409156,644,0.02678695796460379,1.0,1.0,,,
645,409589,645,0.024096306100827435,1.0,1.0,,,
646,409958,646,0.026531295345291212,1.0,1.0,,,
647,410407,647,0.02487285192705682,1.0,1.0,,,
648,410880,648,0.023970182867392935,1.0,1.0,,,
649,411505,649,0.029311850848377317,1.0,1.0,0.0283168761603752,1.0,1.0
650,412258,650,0.026463203768950942,1.0,1.0,,,
651,413163,651,0.025874560912760098,1.0,1.0,,,
652,413428,652,0.019669302981666546,1.0,1.0,,,
653,413661,653,0.026562366456569026,1.0,1.0,,,
654,414270,654,0.02795830755565763,1.0,1.0,,,
655,414871,655,0.0326108582082927,0.0,0.5,,,
656,415088,656,0.027151800206602607,1.0,1.0,,,
657,415657,657,0.024875719979907347,1.0,1.0,0.03300796909817158,0.0,0.5
658,416130,658,0.024663845283295998,1.0,1.0,,,
659,416651,659,0.028380077489834832,0.0,0.5,,,
660,416940,660,0.020304040844347292,1.0,1.0,,,
661,417717,661,0.025104861477349666,1.0,1.0,,,
662,418302,662,0.024064310692271756,1.0,1.0,,,
663,418903,663,0.024162978926085155,1.0,1.0,,,
664,419496,664,0.024550724013257558,1.0,1.0,,,
665,419857,665,0.02568368093250158,1.0,1.0,0.023633352592476252,1.0,1.0
666,420890,666,0.026889322686260438,1.0,1.0,,,
667,421107,667,0.026254382523130282,1.0,1.0,,,
668,422100,668,0.025894560098684512,1.0,1.0,,,
669,422469,669,0.02428756576920695,1.0,1.0,,,
670,422902,670,0.025956160184560186,1.0,1.0,,,
671,424095,671,0.029286429075251738,1.0,1.0,,,
672,424728,672,0.022509853785517335,1.0,1.0,,,
673,425297,673,0.024417500426896138,1.0,1.0,0.027893445629262548,1.0,1.0
674,425938,674,0.026671212665361058,1.0,1.0,,,
675,426851,675,0.026500910579647926,1.0,1.0,,,
676,427548,676,0.022984255453015818,1.0,1.0,,,
677,428157,677,0.02465662798360331,1.0,1.0,,,
678,428622,678,0.023872899820426577,1.0,1.0,,,
679,429487,679,0.024586518203094453,1.0,1.0,,,
680,430256,680,0.023434314225220104,1.0,1.0,,,
681,430857,681,0.028205418067820582,1.0,1.0,0.026644740468986575,1.0,1.0
682,431226,682,0.02412556167299756,1.0,1.0,,,
683,431955,683,0.022387582112406153,1.0,1.0,,,
684,432548,684,0.025957560841346317,1.0,1.0,,,
685,433557,685,0.02665517638040217,1.0,1.0,,,
686,434030,686,0.023164102412512134,1.0,1.0,,,
687,435151,687,0.025175628598142274,1.0,1.0,,,
688,436048,688,0.024026301562711946,1.0,1.0,,,
689,436561,689,0.024119820415724007,1.0,1.0,0.03237513769830305,1.0,1.0
690,436898,690,0.019522307332100527,1.0,1.0,,,
691,437179,691,0.01980120725865189,1.0,1.0,,,
692,437988,692,0.02627680810963449,1.0,1.0,,,
693,438541,693,0.027138233463798917,1.0,1.0,,,
694,438862,694,0.02223136430104762,1.0,1.0,,,
695,439439,695,0.0251451218920877,1.0,1.0,,,
696,439728,696,0.020520673973745077,1.0,1.0,,,
697,440169,697,0.022704506945990778,1.0,1.0,0.02953159591651233,1.0,1.0
698,440514,698,0.027615128269115854,0.0,0.5,,,
699,441259,699,0.027948709853122915,1.0,1.0,,,
700,441644,700,0.028994340125047223,0.0,0.5,,,
701,442053,701,0.02441350710815552,1.0,1.0,,,
702,442582,702,0.023184705435598904,1.0,1.0,,,
703,443287,703,0.025843907882766127,1.0,1.0,,,
704,443920,704,0.021890917194797972,1.0,1.0,,,
705,444897,705,0.025432613082198338,1.0,1.0,0.026457865335139493,1.0,1.0
706,445282,706,0.02291411738473319,1.0,1.0,,,
707,445939,707,0.025098283315283597,1.0,1.0,,,
708,446508,708,0.024810911102904357,1.0,1.0,,,
709,447101,709,0.02248096412403676,1.0,1.0,,,
710,447806,710,0.030565259956585,0.0,0.5,,,
711,448327,711,0.021889344661366314,1.0,1.0,,,
712,448792,712,0.019272010550689316,1.0,1.0,,,
713,449585,713,0.020767039153130776,1.0,1.0,0.024184066220137905,1.0,1.0
714,450274,714,0.0228971275393177,1.0,1.0,,,
715,450779,715,0.02634168115539877,1.0,1.0,,,
716,451820,716,0.021607052679314204,1.0,1.0,,,
717,452461,717,0.027038149720990307,1.0,1.0,,,
718,453558,718,0.024957140754515973,1.0,1.0,,,
719,454063,719,0.02676265524428995,0.0,0.5,,,
720,454744,720,0.026249126802889808,1.0,1.0,,,
721,455409,721,0.0283704596429559,1.0,1.0,0.028066546481645586,1.0,1.0
722,455754,722,0.022089502420538677,1.0,1.0,,,
723,456659,723,0.02543766422958492,1.0,1.0,,,
724,457148,724,0.024660596027655423,1.0,1.0,,,
725,457821,725,0.0234337688002051,1.0,1.0,,,
726,458774,726,0.025417007149055888,1.0,1.0,,,
727,459591,727,0.02337312949257522,1.0,1.0,,,
728,459928,728,0.022973013502810967,1.0,1.0,,,
729,460441,729,0.028651363847135375,0.0,0.5,0.02500093499034771,1.0,1.0
730,460714,730,0.025510576047958346,1.0,1.0,,,
731,461515,731,0.024480088968928216,1.0,1.0,,,
732,462100,732,0.024729756956317468,0.0,0.5,,,
733,462949,733,0.026402567057399587,1.0,1.0,,,
734,463702,734,0.026040263326798926,1.0,1.0,,,
735,464327,735,0.0285819836098847,1.0,1.0,,,
736,464560,736,0.02316105159775581,1.0,1.0,,,
737,465577,737,0.028116068025261395,1.0,1.0,0.03721301494418265,0.0,0.5
738,466146,738,0.02569682230148623,1.0,1.0,,,
739,467131,739,0.023318046824315833,1.0,1.0,,,
740,467804,740,0.028396447481977918,1.0,1.0,,,
741,469045,741,0.02137144716671496,1.0,1.0,,,
742,469446,742,0.02576978915434156,1.0,1.0,,,
743,470535,743,0.024747572137509506,1.0,1.0,,,
744,471032,744,0.024112670876468567,1.0,1.0,,,
745,471833,745,0.02686656231115594,1.0,1.0,0.023157214065971446,1.0,1.0
746,472618,746,0.025874446480657766,1.0,1.0,,,
747,473219,747,0.02763473963894859,0.0,0.5,,,
748,474068,748,0.026763210301896028,1.0,1.0,,,
749,474965,749,0.02338687407731206,1.0,1.0,,,
750,475350,750,0.024170702443803878,1.0,1.0,,,
751,475679,751,0.022451876463819645,1.0,1.0,,,
752,476504,752,0.023031885357699913,1.0,1.0,,,
753,477241,753,0.021904554898400513,1.0,1.0,0.028430145059975702,1.0,1.0
754,477850,754,0.023127000852620386,1.0,1.0,,,
755,478283,755,0.023378850014138544,1.0,1.0,,,
756,478964,756,0.02380790535506865,1.0,1.0,,,
757,479573,757,0.02531537442880329,1.0,1.0,,,
758,480174,758,0.02792117340921626,1.0,1.0,,,
759,480807,759,0.027139137562001363,1.0,1.0,,,
760,481208,760,0.027521297410043194,1.0,1.0,,,
761,481825,761,0.027713050615819565,1.0,1.0,0.026307731106985255,1.0,1.0
762,482634,762,0.026926982142251366,1.0,1.0,,,
763,483787,763,0.02445952968172062,1.0,1.0,,,
764,484612,764,0.031149908435175178,1.0,1.0,,,
765,484845,765,0.02148024005795566,1.0,1.0,,,
766,485806,766,0.027083186646068194,1.0,1.0,,,
767,487191,767,0.02975333163837515,1.0,1.0,,,
768,488008,768,0.028269110687400754,1.0,1.0,,,
769,488841,769,0.025186052763988127,1.0,1.0,0.029684915306381846,1.0,1.0
770,489522,770,0.025897523537107243,1.0,1.0,,,
771,490091,771,0.02186488953060561,1.0,1.0,,,
772,490612,772,0.02439974793162736,1.0,1.0,,,
773,491077,773,0.026166931653928697,1.0,1.0,,,
774,491326,774,0.0214423121094184,1.0,1.0,,,
775,491799,775,0.02377321543397441,1.0,1.0,,,
776,492560,776,0.02680978881630826,1.0,1.0,,,
777,492913,777,0.024772643324208216,0.0,0.5,0.030172538718295026,0.0,0.5
778,493482,778,0.025818016541472366,1.0,1.0,,,
779,493891,779,0.025916810567572363,1.0,1.0,,,
780,494692,780,0.02620490970731962,1.0,1.0,,,
781,495389,781,0.02336635042364694,1.0,1.0,,,
782,496302,782,0.027769868151198144,1.0,1.0,,,
783,496887,783,0.021410481987505087,1.0,1.0,,,
784,497280,784,0.02397102207799379,1.0,1.0,,,
785,498281,785,0.03173805844168528,1.0,1.0,0.028713312439350262,1.0,1.0
786,498610,786,0.022732080568022825,1.0,1.0,,,
787,499203,787,0.021716616589086028,1.0,1.0,,,
788,499732,788,0.023806209524601316,1.0,1.0,,,
789,500301,789,0.0274942031146955,1.0,1.0,,,
790,500918,790,0.024883778110710793,1.0,1.0,,,
791,501671,791,0.025535425304451468,1.0,1.0,,,
792,502112,792,0.019414389490827903,1.0,1.0,,,
793,502441,793,0.02441639690530687,1.0,1.0,0.026027560323437914,1.0,1.0
794,503058,794,0.02613351739934423,0.0,0.5,,,
795,503811,795,0.02747385799593719,1.0,1.0,,,
796,504236,796,0.022503770592002356,1.0,1.0,,,
797,505013,797,0.026072384782263414,1.0,1.0,,,
798,505278,798,0.018794180285741195,1.0,1.0,,,
799,505711,799,0.0226868869798238,1.0,1.0,,,
800,505944,800,0.02196848735951915,1.0,1.0,,,
801,506561,801,0.02510169051590417,1.0,1.0,0.024074820827254595,1.0,1.0
802,507386,802,0.02409889987237142,1.0,1.0,,,
803,507971,803,0.021699350363893515,1.0,1.0,,,
804,508716,804,0.023897292821766548,1.0,1.0,,,
805,509205,805,0.02453658056350475,1.0,1.0,,,
806,509574,806,0.021429703090964362,1.0,1.0,,,
807,510263,807,0.02689928816035104,1.0,1.0,,,
808,510720,808,0.021721916624948726,1.0,1.0,,,
809,511457,809,0.026093708859138448,1.0,1.0,0.02376960988114077,1.0,1.0
810,512218,810,0.029609236426155747,1.0,1.0,,,
811,513195,811,0.024554552999329758,1.0,1.0,,,
812,513948,812,0.02368529846760142,1.0,1.0,,,
813,514653,813,0.02696982688837455,1.0,1.0,,,
814,515590,814,0.02206535714191264,1.0,1.0,,,
815,516327,815,0.029647854556925545,1.0,1.0,,,
816,517008,816,0.025162921428568286,1.0,1.0,,,
817,517825,817,0.023857452708356968,1.0,1.0,0.029323954053415008,1.0,1.0
818,518650,818,0.02457736911333788,1.0,1.0,,,
819,519123,819,0.02036496235925331,1.0,1.0,,,
820,519708,820,0.022980966086122438,1.0,1.0,,,
821,520381,821,0.025326448253738473,1.0,1.0,,,
822,521118,822,0.026207022373289274,1.0,1.0,,,
823,521839,823,0.023972533262178353,1.0,1.0,,,
824,522520,824,0.026884012877635324,1.0,1.0,,,
825,523065,825,0.021481260754827376,1.0,1.0,0.02959125939876389,1.0,1.0
826,523658,826,0.029265321842868935,1.0,1.0,,,
827,524403,827,0.020944696470021746,1.0,1.0,,,
828,525004,828,0.025922355698063136,1.0,1.0,,,
829,525605,829,0.024001775341615458,1.0,1.0,,,
830,525990,830,0.022201749763056184,1.0,1.0,,,
831,526743,831,0.02404509788442138,1.0,1.0,,,
832,527296,832,0.022583323516064676,1.0,1.0,,,
833,527969,833,0.024526401070421946,1.0,1.0,0.022930371131257204,1.0,1.0
834,528474,834,0.026629804397148075,0.0,0.5,,,
835,528843,835,0.02533469008690585,1.0,1.0,,,
836,529572,836,0.024953619569457193,1.0,1.0,,,
837,530285,837,0.024754443134062987,1.0,1.0,,,
838,530774,838,0.021940261678299988,1.0,1.0,,,
839,531159,839,0.025354336078620462,1.0,1.0,,,
840,531776,840,0.024453615779950345,1.0,1.0,,,
841,532601,841,0.024982999159402927,1.0,1.0,0.025441440258051635,1.0,1.0
842,533306,842,0.02081671388994721,1.0,1.0,,,
843,533851,843,0.02583114859106311,1.0,1.0,,,
844,534276,844,0.026277652353814088,1.0,1.0,,,
845,534973,845,0.025056132812850296,1.0,1.0,,,
846,535910,846,0.024487075971669565,1.0,1.0,,,
847,536511,847,0.026259857033726682,1.0,1.0,,,
848,537264,848,0.027182737570078542,1.0,1.0,,,
849,538649,849,0.028094064251352583,0.0,0.5,0.03127493898496872,1.0,1.0
850,539282,850,0.028530180313496377,1.0,1.0,,,
851,540219,851,0.023597551589375678,1.0,1.0,,,
852,540452,852,0.016580828583692454,1.0,1.0,,,
853,540973,853,0.02298664037584093,0.0,0.5,,,
854,541854,854,0.027559636112923495,1.0,1.0,,,
855,542503,855,0.02352841466021009,1.0,1.0,,,
856,543080,856,0.026426475371540616,1.0,1.0,,,
857,543689,857,0.027358037551814627,1.0,1.0,0.024961014045943183,1.0,1.0
858,544194,858,0.02724186498287819,1.0,1.0,,,
859,544827,859,0.025809806351636783,0.0,0.5,,,
860,545188,860,0.024791415243833197,1.0,1.0,,,
861,545613,861,0.020895192310048095,1.0,1.0,,,
862,546366,862,0.023118200129746948,1.0,1.0,,,
863,546895,863,0.024400541104463436,1.0,1.0,,,
864,547184,864,0.019431806103976358,1.0,1.0,,,
865,548025,865,0.023914167641475834,1.0,1.0,0.028595172812371485,1.0,1.0
866,548674,866,0.024431488316660768,1.0,1.0,,,
867,549115,867,0.02422316738688096,1.0,1.0,,,
868,549564,868,0.023966197914646686,1.0,1.0,,,
869,550309,869,0.023551611829264612,1.0,1.0,,,
870,551014,870,0.02832223549669648,1.0,1.0,,,
871,551383,871,0.028012128487066947,1.0,1.0,,,
872,551888,872,0.02405232929917561,1.0,1.0,,,
873,552321,873,0.020820373811347034,1.0,1.0,0.02417978152382955,1.0,1.0
874,552650,874,0.02532800617921056,1.0,1.0,,,
875,553123,875,0.02399120694305427,1.0,1.0,,,
876,553596,876,0.026983145589168752,1.0,1.0,,,
877,554197,877,0.024278707099227467,1.0,1.0,,,
878,554622,878,0.024091488447887072,1.0,1.0,,,
879,555431,879,0.02784122653310141,1.0,1.0,,,
880,555920,880,0.02943764509612429,0.0,0.5,,,
881,556745,881,0.024982229383469917,1.0,1.0,0.02405430504991606,1.0,1.0
882,557146,882,0.02722294035269661,1.0,1.0,,,

